sample	genotype	Pop	M58	M44	M31	M78_1	M78_2	M61_1	M61_2	M67_1	M67_2	M72_1	M72_2	M143_1	M143_2	M143_3
sample_1_AseI	DE_1a	DE_1a	125	186	238	164	173	136	138	203	222	175	209	238	240	246
sample_2_AseI	Fl_1	Fl_1	125	185	238	164	173	136	138	203	222	175	209	238	240	246
sample_3_AseI	Fl_2a	Fl_2a	125	185	238	164	172	136	138	203	222	175	209	238	240	246
sample_4_AseI	Fl_2b	Fl_2b	125	186	238	164	172	136	138	203	222	175	209	238	240	246
sample_5_AseI	Fl_3	Fl_3	125	186	238	164	172	136	138	203	222	175	209	238	240	246
sample_7_AseI	Fl_4	Fl_4	125	185	238	164	172	136	138	203	222	175	209	238	240	246
sample_8_AseI	AT_1	AT_1	125	185	238	164	172	136	138	203	222	175	201	238	240	246
sample_9_AseI	AT_2	AT_2	125	185	238	164	172	135	138	203	222	175	206	238	240	246
sample_10_AseI	CZ_1	CZ_1	125	185	238	164	172	133	136	203	222	175	209	238	240	246
sample_11_AseI	CZ_2	CZ_2	125	185	238	164	172	127	136	203	222	175	209	238	240	246
sample_12_AseI	CZ_3a	CZ_3a	125	185	238	164	172	136	138	203	222	175	211	238	240	246
sample_13_AseI	CZ_3b	CZ_3b	125	185	238	164	172	136	138	203	222	175	209	238	240	246
sample_15_AseI	CZ_4	CZ_4	125	185	238	164	172	136	138	203	222	175	209	238	240	246
sample_16_AseI	DE_1b	DE_1b	125	186	238	164	173	136	138	203	222	175	209	238	240	246
sample_17_AseI	CZ_5	CZ_5	125	186	238	164	172	136	138	203	222	175	201	238	240	246
sample_19_AseI	CZ_6	CZ_6	125	185	238	164	172	136	138	203	222	175	201	238	240	246
sample_20_AseI	DE_3	DE_3	128	185	238	162	164	136	138	203	222	175	190	234	240	246
